entry_time,entry_price,exit_time,exit_price,exit_reason,pnl_pct,pnl_points,candles_held,win
2024-01-02 09:15:00+05:30,1296.0,2024-01-02 09:35:00+05:30,1302.4799999999998,profit_target,0.4999999999999839,6.479999999999791,4,1
2024-01-02 09:45:00+05:30,1301.0,2024-01-02 09:55:00+05:30,1297.097,stop_loss,-0.30000000000000154,-3.90300000000002,2,0
2024-01-02 10:00:00+05:30,1297.7,2024-01-02 10:20:00+05:30,1293.8069,stop_loss,-0.3000000000000003,-3.893100000000004,4,0
2024-01-02 10:35:00+05:30,1291.9,2024-01-02 11:05:00+05:30,1288.0243,stop_loss,-0.300000000000004,-3.8757000000000517,6,0
2024-01-02 11:10:00+05:30,1289.25,2024-01-02 12:50:00+05:30,1294.0,max_holding,0.3684312584836145,4.75,20,1
2024-01-02 13:00:00+05:30,1291.0,2024-01-02 14:10:00+05:30,1297.455,profit_target,0.4999999999999944,6.454999999999927,14,1
2024-01-02 14:15:00+05:30,1297.0,2024-01-02 14:40:00+05:30,1303.485,profit_target,0.4999999999999923,6.4849999999999,5,1
2024-01-03 09:15:00+05:30,1311.8,2024-01-03 09:35:00+05:30,1307.8645999999999,stop_loss,-0.30000000000000554,-3.9354000000000724,4,0
2024-01-03 09:40:00+05:30,1307.1,2024-01-03 10:15:00+05:30,1303.1787,stop_loss,-0.299999999999998,-3.921299999999974,7,0
2024-01-03 10:20:00+05:30,1302.1,2024-01-03 12:00:00+05:30,1302.1,max_holding,0.0,0.0,20,0
2024-01-03 14:20:00+05:30,1300.2,2024-01-03 15:00:00+05:30,1296.2994,stop_loss,-0.2999999999999954,-3.9005999999999403,8,0
2024-01-04 09:15:00+05:30,1290.7,2024-01-04 09:35:00+05:30,1297.1535,profit_target,0.4999999999999883,6.453499999999849,4,1
2024-01-04 09:40:00+05:30,1297.75,2024-01-04 11:20:00+05:30,1298.45,max_holding,0.053939510691585084,0.7000000000000455,20,1
2024-01-04 14:20:00+05:30,1297.15,2024-01-04 15:15:00+05:30,1298.8,eod,0.12720194272056923,1.6499999999998636,11,1
2024-01-05 09:15:00+05:30,1303.8,2024-01-05 09:30:00+05:30,1299.8886,stop_loss,-0.29999999999999677,-3.911399999999958,3,0
2024-01-05 09:35:00+05:30,1300.6,2024-01-05 10:35:00+05:30,1307.1029999999998,profit_target,0.49999999999999456,6.502999999999929,12,1
2024-01-05 10:40:00+05:30,1307.0,2024-01-05 11:15:00+05:30,1303.079,stop_loss,-0.30000000000000376,-3.921000000000049,7,0
2024-01-05 13:55:00+05:30,1301.1,2024-01-05 15:15:00+05:30,1303.3,eod,0.16908769502728813,2.2000000000000455,16,1
2024-01-08 09:15:00+05:30,1312.7,2024-01-08 09:30:00+05:30,1308.7619,stop_loss,-0.3000000000000058,-3.9381000000000768,3,0
2024-01-08 09:35:00+05:30,1308.85,2024-01-08 09:45:00+05:30,1304.92345,stop_loss,-0.2999999999999929,-3.9265499999999065,2,0
2024-01-08 09:50:00+05:30,1308.5,2024-01-08 11:05:00+05:30,1304.5745,stop_loss,-0.3000000000000043,-3.9255000000000564,15,0
2024-01-08 11:10:00+05:30,1303.7,2024-01-08 11:45:00+05:30,1299.7889,stop_loss,-0.30000000000000254,-3.911100000000033,7,0
2024-01-08 11:50:00+05:30,1290.2,2024-01-08 13:30:00+05:30,1294.8,max_holding,0.3565338707177111,4.599999999999909,20,1
2024-01-08 13:40:00+05:30,1292.4,2024-01-08 15:15:00+05:30,1292.4,eod,0.0,0.0,19,0
2024-01-09 09:15:00+05:30,1300.3,2024-01-09 09:35:00+05:30,1296.3990999999999,stop_loss,-0.3000000000000071,-3.9009000000000924,4,0
2024-01-09 09:40:00+05:30,1297.0,2024-01-09 11:20:00+05:30,1296.35,max_holding,-0.050115651503476556,-0.650000000000091,20,0
2024-01-09 11:50:00+05:30,1297.6,2024-01-09 13:30:00+05:30,1301.4,max_holding,0.2928483353884234,3.800000000000182,20,1
2024-01-09 14:05:00+05:30,1298.0,2024-01-09 14:25:00+05:30,1294.106,stop_loss,-0.30000000000000043,-3.8940000000000055,4,0
2024-01-10 09:15:00+05:30,1295.75,2024-01-10 09:25:00+05:30,1291.86275,stop_loss,-0.2999999999999996,-3.8872499999999945,2,0
2024-01-10 09:30:00+05:30,1292.75,2024-01-10 11:10:00+05:30,1295.2,max_holding,0.18951846838136108,2.4500000000000455,20,1
2024-01-10 14:00:00+05:30,1297.9,2024-01-10 14:35:00+05:30,1304.3895,profit_target,0.4999999999999928,6.489499999999907,7,1
2024-01-11 09:15:00+05:30,1337.4,2024-01-11 09:35:00+05:30,1344.087,profit_target,0.4999999999999924,6.686999999999898,4,1
2024-01-11 09:40:00+05:30,1342.4,2024-01-11 10:15:00+05:30,1338.3728,stop_loss,-0.2999999999999995,-4.0271999999999935,7,0
2024-01-11 10:25:00+05:30,1335.1,2024-01-11 12:05:00+05:30,1340.15,max_holding,0.3782488203130988,5.050000000000182,20,1
2024-01-11 12:10:00+05:30,1337.95,2024-01-11 13:10:00+05:30,1344.6397499999998,profit_target,0.4999999999999833,6.689749999999776,12,1
2024-01-11 13:15:00+05:30,1345.3,2024-01-11 13:50:00+05:30,1352.0264999999997,profit_target,0.4999999999999821,6.72649999999976,7,1
2024-01-11 13:55:00+05:30,1352.8,2024-01-11 14:10:00+05:30,1348.7416,stop_loss,-0.29999999999999205,-4.058399999999892,3,0
2024-01-11 14:15:00+05:30,1352.4,2024-01-11 14:20:00+05:30,1359.162,profit_target,0.4999999999999958,6.761999999999944,1,1
2024-01-11 14:25:00+05:30,1359.2,2024-01-11 15:15:00+05:30,1361.1,eod,0.13978811065331545,1.8999999999998636,10,1
2024-01-12 09:15:00+05:30,1350.7,2024-01-12 09:25:00+05:30,1346.6479,stop_loss,-0.3000000000000081,-4.0521000000001095,2,0
2024-01-12 09:30:00+05:30,1347.35,2024-01-12 10:00:00+05:30,1354.0867499999997,profit_target,0.49999999999998535,6.736749999999802,6,1
2024-01-12 10:05:00+05:30,1358.0,2024-01-12 10:55:00+05:30,1364.79,profit_target,0.49999999999999734,6.789999999999964,10,1
2024-01-12 11:00:00+05:30,1364.8,2024-01-12 12:40:00+05:30,1369.4,max_holding,0.3370457209847697,4.600000000000136,20,1
2024-01-12 12:45:00+05:30,1370.5,2024-01-12 14:25:00+05:30,1370.7,max_holding,0.014593214155421048,0.20000000000004547,20,1
2024-01-15 09:15:00+05:30,1376.95,2024-01-15 09:30:00+05:30,1372.81915,stop_loss,-0.30000000000000066,-4.1308500000000095,3,0
2024-01-15 09:35:00+05:30,1373.45,2024-01-15 09:50:00+05:30,1369.3296500000001,stop_loss,-0.29999999999999394,-4.120349999999917,3,0
2024-01-15 09:55:00+05:30,1368.0,2024-01-15 10:10:00+05:30,1374.84,profit_target,0.499999999999994,6.839999999999918,3,1
2024-01-15 10:15:00+05:30,1374.95,2024-01-15 11:20:00+05:30,1381.82475,profit_target,0.4999999999999963,6.874749999999949,13,1
2024-01-15 11:25:00+05:30,1386.2,2024-01-15 12:25:00+05:30,1382.0414,stop_loss,-0.29999999999999843,-4.1585999999999785,12,0
2024-01-15 13:05:00+05:30,1384.9,2024-01-15 14:45:00+05:30,1387.05,max_holding,0.15524586612750838,2.1499999999998636,20,1
2024-01-16 09:15:00+05:30,1389.05,2024-01-16 09:20:00+05:30,1384.88285,stop_loss,-0.29999999999999943,-4.167149999999992,1,0
2024-01-16 09:25:00+05:30,1385.45,2024-01-16 09:45:00+05:30,1392.37725,profit_target,0.499999999999997,6.927249999999958,4,1
2024-01-16 09:50:00+05:30,1392.1,2024-01-16 10:00:00+05:30,1387.9236999999998,stop_loss,-0.300000000000006,-4.176300000000083,2,0
2024-01-16 10:05:00+05:30,1388.75,2024-01-16 10:45:00+05:30,1395.69375,profit_target,0.4999999999999934,6.943749999999909,8,1
2024-01-16 10:50:00+05:30,1392.9,2024-01-16 12:05:00+05:30,1388.7213000000002,stop_loss,-0.2999999999999953,-4.178699999999935,15,0
2024-01-16 12:10:00+05:30,1391.1,2024-01-16 12:50:00+05:30,1386.9267,stop_loss,-0.2999999999999947,-4.1732999999999265,8,0
2024-01-16 12:55:00+05:30,1387.25,2024-01-16 13:15:00+05:30,1383.08825,stop_loss,-0.2999999999999988,-4.161749999999984,4,0
2024-01-16 13:25:00+05:30,1382.5,2024-01-16 13:35:00+05:30,1378.3525,stop_loss,-0.30000000000000265,-4.147500000000036,2,0
2024-01-16 13:40:00+05:30,1382.9,2024-01-16 14:35:00+05:30,1378.7513000000001,stop_loss,-0.29999999999999727,-4.1486999999999625,11,0
2024-01-17 09:15:00+05:30,1374.9,2024-01-17 09:30:00+05:30,1381.7745,profit_target,0.49999999999999256,6.874499999999898,3,1
2024-01-17 09:35:00+05:30,1382.25,2024-01-17 09:45:00+05:30,1378.10325,stop_loss,-0.30000000000000804,-4.146750000000111,2,0
2024-01-17 09:50:00+05:30,1376.55,2024-01-17 09:55:00+05:30,1372.4203499999999,stop_loss,-0.3000000000000061,-4.129650000000083,1,0
2024-01-17 10:00:00+05:30,1375.9,2024-01-17 10:05:00+05:30,1371.7723,stop_loss,-0.3000000000000003,-4.127700000000004,1,0
2024-01-17 10:10:00+05:30,1370.3,2024-01-17 11:50:00+05:30,1370.2,max_holding,-0.007297672042611767,-0.09999999999990905,20,0
2024-01-17 12:00:00+05:30,1368.85,2024-01-17 13:25:00+05:30,1364.74345,stop_loss,-0.2999999999999978,-4.10654999999997,17,0
2024-01-17 13:35:00+05:30,1363.2,2024-01-17 14:25:00+05:30,1359.1104,stop_loss,-0.3000000000000014,-4.0896000000000186,10,0
2024-01-18 09:15:00+05:30,1368.6,2024-01-18 09:30:00+05:30,1364.4941999999999,stop_loss,-0.3000000000000033,-4.105800000000045,3,0
2024-01-18 09:35:00+05:30,1360.35,2024-01-18 09:45:00+05:30,1356.26895,stop_loss,-0.3000000000000004,-4.081050000000005,2,0
2024-01-18 09:50:00+05:30,1358.6,2024-01-18 09:55:00+05:30,1354.5241999999998,stop_loss,-0.3000000000000053,-4.075800000000072,1,0
2024-01-18 10:00:00+05:30,1353.7,2024-01-18 11:10:00+05:30,1360.4685,profit_target,0.4999999999999929,6.768499999999904,14,1
2024-01-18 11:15:00+05:30,1359.6,2024-01-18 12:30:00+05:30,1355.5212,stop_loss,-0.3000000000000001,-4.078800000000001,15,0
2024-01-18 12:35:00+05:30,1356.1,2024-01-18 13:25:00+05:30,1362.8804999999998,profit_target,0.49999999999998873,6.780499999999847,10,1
2024-01-18 13:30:00+05:30,1364.4,2024-01-18 15:10:00+05:30,1367.55,max_holding,0.2308707124010454,3.1499999999998636,20,1
2024-01-19 09:15:00+05:30,1372.5,2024-01-19 09:30:00+05:30,1368.3825,stop_loss,-0.30000000000000465,-4.117500000000064,3,0
2024-01-19 09:35:00+05:30,1368.2,2024-01-19 09:40:00+05:30,1364.0954000000002,stop_loss,-0.29999999999999205,-4.104599999999891,1,0
2024-01-19 09:45:00+05:30,1364.1,2024-01-19 11:20:00+05:30,1360.0076999999999,stop_loss,-0.3000000000000017,-4.092300000000023,19,0
2024-01-19 11:25:00+05:30,1360.75,2024-01-19 13:05:00+05:30,1362.7,max_holding,0.14330332537204082,1.9500000000000455,20,1
2024-01-19 13:15:00+05:30,1365.35,2024-01-19 14:55:00+05:30,1368.55,max_holding,0.2343721390119783,3.2000000000000455,20,1
2024-01-20 09:15:00+05:30,1362.9,2024-01-20 09:20:00+05:30,1369.7145,profit_target,0.49999999999999645,6.814499999999953,1,1
2024-01-20 09:25:00+05:30,1367.2,2024-01-20 10:00:00+05:30,1363.0984,stop_loss,-0.2999999999999972,-4.101599999999962,7,0
2024-01-20 10:05:00+05:30,1362.9,2024-01-20 10:30:00+05:30,1369.7145,profit_target,0.49999999999999645,6.814499999999953,5,1
2024-01-20 10:35:00+05:30,1371.7,2024-01-20 10:45:00+05:30,1378.5584999999999,profit_target,0.499999999999987,6.858499999999822,2,1
2024-01-20 10:50:00+05:30,1377.0,2024-01-20 11:00:00+05:30,1372.869,stop_loss,-0.3000000000000062,-4.1310000000000855,2,0
2024-01-20 11:05:00+05:30,1375.85,2024-01-20 11:15:00+05:30,1371.72245,stop_loss,-0.2999999999999948,-4.127549999999928,2,0
2024-01-20 11:20:00+05:30,1371.7,2024-01-20 11:50:00+05:30,1367.5849,stop_loss,-0.2999999999999988,-4.115099999999984,6,0
2024-01-20 12:00:00+05:30,1372.0,2024-01-20 13:30:00+05:30,1367.884,stop_loss,-0.29999999999999893,-4.1159999999999854,18,0
2024-01-20 13:40:00+05:30,1363.5,2024-01-20 14:20:00+05:30,1359.4095,stop_loss,-0.3000000000000015,-4.09050000000002,8,0
2024-01-20 14:25:00+05:30,1360.2,2024-01-20 14:40:00+05:30,1356.1194,stop_loss,-0.30000000000000027,-4.080600000000004,3,0
2024-01-23 09:15:00+05:30,1367.9,2024-01-23 09:25:00+05:30,1363.7963,stop_loss,-0.30000000000000854,-4.103700000000117,2,0
2024-01-23 09:30:00+05:30,1361.0,2024-01-23 10:05:00+05:30,1356.917,stop_loss,-0.30000000000000615,-4.083000000000084,7,0
2024-01-23 10:10:00+05:30,1356.3,2024-01-23 10:15:00+05:30,1352.2311,stop_loss,-0.29999999999999893,-4.068899999999985,1,0
2024-01-23 10:20:00+05:30,1347.9,2024-01-23 10:30:00+05:30,1343.8563000000001,stop_loss,-0.2999999999999958,-4.043699999999944,2,0
2024-01-23 10:35:00+05:30,1340.9,2024-01-23 10:50:00+05:30,1336.8773,stop_loss,-0.299999999999999,-4.022699999999986,3,0
2024-01-23 10:55:00+05:30,1339.5,2024-01-23 11:00:00+05:30,1335.4815,stop_loss,-0.29999999999999283,-4.018499999999904,1,0
2024-01-23 11:05:00+05:30,1338.1,2024-01-23 11:30:00+05:30,1334.0856999999999,stop_loss,-0.30000000000000365,-4.014300000000048,5,0
2024-01-23 11:35:00+05:30,1333.1,2024-01-23 11:55:00+05:30,1329.1007,stop_loss,-0.29999999999999616,-3.9992999999999483,4,0
2024-01-23 12:05:00+05:30,1329.0,2024-01-23 12:45:00+05:30,1325.013,stop_loss,-0.30000000000000604,-3.98700000000008,8,0
2024-01-23 12:55:00+05:30,1326.0,2024-01-23 13:45:00+05:30,1332.6299999999999,profit_target,0.49999999999999106,6.629999999999882,10,1
2024-01-23 13:50:00+05:30,1329.45,2024-01-23 14:25:00+05:30,1325.46165,stop_loss,-0.30000000000000615,-3.988350000000082,7,0
2024-01-24 09:15:00+05:30,1327.45,2024-01-24 10:55:00+05:30,1329.0,max_holding,0.1167652265622023,1.5499999999999545,20,1
2024-01-24 11:25:00+05:30,1330.1,2024-01-24 11:30:00+05:30,1326.1097,stop_loss,-0.29999999999999505,-3.990299999999934,1,0
2024-01-24 11:35:00+05:30,1331.5,2024-01-24 12:25:00+05:30,1327.5055,stop_loss,-0.3000000000000012,-3.9945000000000164,10,0
2024-01-24 13:00:00+05:30,1333.0,2024-01-24 14:40:00+05:30,1339.665,profit_target,0.4999999999999972,6.664999999999964,20,1
2024-01-25 09:15:00+05:30,1342.1,2024-01-25 09:30:00+05:30,1348.8104999999998,profit_target,0.4999999999999934,6.710499999999911,3,1
2024-01-25 09:35:00+05:30,1346.2,2024-01-25 09:50:00+05:30,1342.1614,stop_loss,-0.3000000000000065,-4.038600000000088,3,0
2024-01-25 09:55:00+05:30,1340.9,2024-01-25 10:20:00+05:30,1336.8773,stop_loss,-0.299999999999999,-4.022699999999986,5,0
2024-01-25 10:30:00+05:30,1338.1,2024-01-25 11:35:00+05:30,1344.7904999999998,profit_target,0.4999999999999947,6.690499999999929,13,1
2024-01-25 11:40:00+05:30,1346.0,2024-01-25 11:50:00+05:30,1341.962,stop_loss,-0.3000000000000008,-4.038000000000011,2,0
2024-01-25 11:55:00+05:30,1346.0,2024-01-25 12:45:00+05:30,1341.962,stop_loss,-0.3000000000000008,-4.038000000000011,10,0
2024-01-25 12:55:00+05:30,1342.15,2024-01-25 14:00:00+05:30,1348.86075,profit_target,0.49999999999999717,6.710749999999962,13,1
2024-01-25 14:05:00+05:30,1352.5,2024-01-25 14:55:00+05:30,1348.4425,stop_loss,-0.29999999999999194,-4.057499999999891,10,0
2024-01-29 09:15:00+05:30,1366.5,2024-01-29 09:40:00+05:30,1373.3324999999998,profit_target,0.49999999999998207,6.832499999999754,5,1
2024-01-29 09:50:00+05:30,1375.05,2024-01-29 10:25:00+05:30,1381.9252499999998,profit_target,0.4999999999999872,6.875249999999824,7,1
2024-01-29 10:35:00+05:30,1388.0,2024-01-29 11:00:00+05:30,1394.9399999999998,profit_target,0.4999999999999875,6.939999999999827,5,1
2024-01-29 11:05:00+05:30,1393.55,2024-01-29 11:25:00+05:30,1400.5177499999998,profit_target,0.49999999999998546,6.967749999999796,4,1
2024-01-29 11:30:00+05:30,1399.0,2024-01-29 11:45:00+05:30,1405.995,profit_target,0.49999999999999223,6.994999999999891,3,1
2024-01-29 11:50:00+05:30,1409.3,2024-01-29 12:40:00+05:30,1416.3464999999999,profit_target,0.4999999999999946,7.046499999999924,10,1
2024-01-29 12:45:00+05:30,1421.55,2024-01-29 13:10:00+05:30,1428.6577499999999,profit_target,0.49999999999999273,7.107749999999896,5,1
2024-01-29 13:15:00+05:30,1426.7,2024-01-29 13:40:00+05:30,1433.8335,profit_target,0.49999999999999384,7.133499999999913,5,1
2024-01-29 13:45:00+05:30,1439.6,2024-01-29 13:55:00+05:30,1446.7979999999998,profit_target,0.4999999999999906,7.197999999999865,2,1
2024-01-29 14:00:00+05:30,1449.75,2024-01-29 14:05:00+05:30,1445.40075,stop_loss,-0.2999999999999989,-4.349249999999984,1,0
2024-01-29 14:10:00+05:30,1444.75,2024-01-29 14:25:00+05:30,1451.9737499999999,profit_target,0.49999999999999184,7.223749999999882,3,1
2024-01-30 09:15:00+05:30,1453.6,2024-01-30 09:20:00+05:30,1449.2392,stop_loss,-0.299999999999995,-4.3607999999999265,1,0
2024-01-30 09:25:00+05:30,1435.4,2024-01-30 09:40:00+05:30,1442.577,profit_target,0.4999999999999935,7.176999999999907,3,1
2024-01-30 09:45:00+05:30,1440.4,2024-01-30 09:50:00+05:30,1436.0788,stop_loss,-0.3000000000000062,-4.32120000000009,1,0
2024-01-30 09:55:00+05:30,1437.7,2024-01-30 10:20:00+05:30,1433.3869,stop_loss,-0.3000000000000053,-4.313100000000077,5,0
2024-01-30 10:25:00+05:30,1429.0,2024-01-30 10:50:00+05:30,1424.713,stop_loss,-0.30000000000000243,-4.287000000000035,5,0
2024-01-30 10:55:00+05:30,1424.5,2024-01-30 11:35:00+05:30,1431.6225,profit_target,0.49999999999999617,7.122499999999945,8,1
2024-01-30 11:40:00+05:30,1434.2,2024-01-30 11:55:00+05:30,1429.8974,stop_loss,-0.2999999999999989,-4.302599999999984,3,0
2024-01-30 12:00:00+05:30,1430.4,2024-01-30 12:40:00+05:30,1426.1088,stop_loss,-0.30000000000000815,-4.291200000000117,8,0
2024-01-30 12:45:00+05:30,1424.5,2024-01-30 14:25:00+05:30,1420.2265,stop_loss,-0.3000000000000009,-4.273500000000013,20,0
2024-01-31 09:15:00+05:30,1421.2,2024-01-31 09:20:00+05:30,1416.9364,stop_loss,-0.29999999999999977,-4.263599999999997,1,0
2024-01-31 09:25:00+05:30,1425.3,2024-01-31 09:30:00+05:30,1421.0240999999999,stop_loss,-0.3000000000000065,-4.275900000000092,1,0
2024-01-31 09:35:00+05:30,1429.7,2024-01-31 09:45:00+05:30,1425.4109,stop_loss,-0.2999999999999974,-4.289099999999962,2,0
2024-01-31 09:50:00+05:30,1426.55,2024-01-31 10:10:00+05:30,1422.27035,stop_loss,-0.29999999999999627,-4.279649999999947,4,0
2024-01-31 10:15:00+05:30,1423.75,2024-01-31 10:25:00+05:30,1419.47875,stop_loss,-0.30000000000000066,-4.271250000000009,2,0
2024-01-31 10:30:00+05:30,1418.0,2024-01-31 10:55:00+05:30,1425.09,profit_target,0.4999999999999942,7.089999999999918,5,1
2024-01-31 11:00:00+05:30,1425.7,2024-01-31 11:35:00+05:30,1432.8284999999998,profit_target,0.49999999999998623,7.1284999999998035,7,1
2024-01-31 11:40:00+05:30,1430.75,2024-01-31 12:15:00+05:30,1426.45775,stop_loss,-0.2999999999999977,-4.292249999999967,7,0
2024-01-31 12:25:00+05:30,1424.9,2024-01-31 12:50:00+05:30,1420.6253000000002,stop_loss,-0.2999999999999957,-4.274699999999939,5,0
2024-01-31 12:55:00+05:30,1420.1,2024-01-31 13:50:00+05:30,1415.8397,stop_loss,-0.29999999999999405,-4.260299999999916,11,0
2024-01-31 13:55:00+05:30,1418.0,2024-01-31 15:00:00+05:30,1425.09,profit_target,0.4999999999999942,7.089999999999918,13,1
2024-02-01 09:15:00+05:30,1429.4,2024-02-01 09:35:00+05:30,1425.1118000000001,stop_loss,-0.2999999999999972,-4.288199999999961,4,0
2024-02-01 09:40:00+05:30,1425.1,2024-02-01 10:05:00+05:30,1432.2254999999998,profit_target,0.49999999999999123,7.1254999999998745,5,1
2024-02-01 10:10:00+05:30,1439.1,2024-02-01 10:15:00+05:30,1434.7827,stop_loss,-0.29999999999999527,-4.317299999999932,1,0
2024-02-01 10:20:00+05:30,1436.85,2024-02-01 10:35:00+05:30,1432.53945,stop_loss,-0.29999999999999455,-4.310549999999921,3,0
2024-02-01 10:40:00+05:30,1434.5,2024-02-01 10:55:00+05:30,1430.1965,stop_loss,-0.299999999999999,-4.3034999999999854,3,0
2024-02-01 11:00:00+05:30,1433.4,2024-02-01 11:15:00+05:30,1429.0998000000002,stop_loss,-0.2999999999999933,-4.300199999999904,3,0
2024-02-01 11:20:00+05:30,1428.4,2024-02-01 13:00:00+05:30,1424.5,max_holding,-0.2730327639316782,-3.900000000000091,20,0
2024-02-01 13:05:00+05:30,1424.6,2024-02-01 13:25:00+05:30,1420.3262,stop_loss,-0.2999999999999956,-4.273799999999937,4,0
2024-02-01 13:30:00+05:30,1420.8,2024-02-01 14:05:00+05:30,1427.9039999999998,profit_target,0.499999999999987,7.1039999999998145,7,1
2024-02-01 14:10:00+05:30,1429.35,2024-02-01 15:15:00+05:30,1425.0619499999998,stop_loss,-0.30000000000000787,-4.288050000000112,13,0
2024-02-02 09:15:00+05:30,1452.5,2024-02-02 09:20:00+05:30,1448.1425,stop_loss,-0.300000000000005,-4.357500000000073,1,0
2024-02-02 09:25:00+05:30,1457.2,2024-02-02 09:30:00+05:30,1464.4859999999999,profit_target,0.4999999999999884,7.285999999999831,1,1
2024-02-02 09:35:00+05:30,1458.0,2024-02-02 09:45:00+05:30,1453.626,stop_loss,-0.3000000000000016,-4.374000000000024,2,0
2024-02-02 09:50:00+05:30,1455.75,2024-02-02 10:30:00+05:30,1451.38275,stop_loss,-0.3000000000000009,-4.367250000000013,8,0
2024-02-02 10:40:00+05:30,1452.05,2024-02-02 11:00:00+05:30,1459.3102499999998,profit_target,0.49999999999998723,7.2602499999998145,4,1
2024-02-02 11:10:00+05:30,1461.1,2024-02-02 11:20:00+05:30,1468.4054999999998,profit_target,0.4999999999999958,7.305499999999938,2,1
2024-02-02 11:25:00+05:30,1473.4,2024-02-02 11:40:00+05:30,1468.9798,stop_loss,-0.30000000000000154,-4.4202000000000226,3,0
2024-02-02 11:45:00+05:30,1466.4,2024-02-02 11:55:00+05:30,1462.0008,stop_loss,-0.3000000000000044,-4.399200000000064,2,0
2024-02-02 12:00:00+05:30,1468.0,2024-02-02 12:25:00+05:30,1463.596,stop_loss,-0.29999999999999977,-4.403999999999996,5,0
2024-02-02 12:30:00+05:30,1453.2,2024-02-02 12:35:00+05:30,1448.8404,stop_loss,-0.3,-4.3596,1,0
2024-02-02 12:40:00+05:30,1449.35,2024-02-02 12:50:00+05:30,1445.0019499999999,stop_loss,-0.300000000000004,-4.3480500000000575,2,0
2024-02-02 13:05:00+05:30,1448.8,2024-02-02 13:20:00+05:30,1444.4536,stop_loss,-0.2999999999999933,-4.346399999999903,3,0
2024-02-02 13:25:00+05:30,1446.55,2024-02-02 14:20:00+05:30,1442.21035,stop_loss,-0.29999999999999255,-4.339649999999892,11,0
2024-02-02 14:25:00+05:30,1448.4,2024-02-02 14:45:00+05:30,1455.6419999999998,profit_target,0.4999999999999816,7.241999999999734,4,1
2024-02-05 09:15:00+05:30,1446.25,2024-02-05 09:25:00+05:30,1453.4812499999998,profit_target,0.49999999999998745,7.231249999999818,2,1
2024-02-05 09:30:00+05:30,1447.5,2024-02-05 09:40:00+05:30,1454.7375,profit_target,0.4999999999999969,7.2374999999999545,2,1
2024-02-05 09:45:00+05:30,1456.7,2024-02-05 10:05:00+05:30,1463.9834999999998,profit_target,0.4999999999999847,7.283499999999776,4,1
2024-02-05 10:10:00+05:30,1464.0,2024-02-05 10:15:00+05:30,1459.608,stop_loss,-0.3000000000000036,-4.392000000000053,1,0
2024-02-05 10:20:00+05:30,1457.2,2024-02-05 10:30:00+05:30,1452.8284,stop_loss,-0.29999999999999616,-4.371599999999944,2,0
2024-02-05 10:35:00+05:30,1455.0,2024-02-05 11:10:00+05:30,1462.2749999999999,profit_target,0.4999999999999906,7.274999999999864,7,1
2024-02-05 11:15:00+05:30,1460.0,2024-02-05 12:55:00+05:30,1465.6,max_holding,0.3835616438356102,5.599999999999909,20,1
2024-02-05 13:00:00+05:30,1465.35,2024-02-05 13:40:00+05:30,1460.9539499999998,stop_loss,-0.3000000000000041,-4.396050000000059,8,0
2024-02-05 14:00:00+05:30,1460.6,2024-02-05 14:30:00+05:30,1456.2181999999998,stop_loss,-0.3000000000000077,-4.381800000000112,6,0
2024-02-06 09:15:00+05:30,1431.1,2024-02-06 09:40:00+05:30,1426.8066999999999,stop_loss,-0.30000000000000315,-4.293300000000045,5,0
2024-02-06 09:50:00+05:30,1428.6,2024-02-06 10:10:00+05:30,1435.7429999999997,profit_target,0.4999999999999861,7.142999999999802,4,1
2024-02-06 10:15:00+05:30,1436.15,2024-02-06 10:30:00+05:30,1431.84155,stop_loss,-0.29999999999999954,-4.3084499999999935,3,0
2024-02-06 10:35:00+05:30,1423.0,2024-02-06 10:55:00+05:30,1430.1149999999998,profit_target,0.4999999999999847,7.114999999999782,4,1
2024-02-06 11:00:00+05:30,1430.1,2024-02-06 11:10:00+05:30,1425.8096999999998,stop_loss,-0.3000000000000081,-4.290300000000116,2,0
2024-02-06 11:15:00+05:30,1427.3,2024-02-06 11:50:00+05:30,1434.4364999999998,profit_target,0.4999999999999889,7.136499999999842,7,1
2024-02-06 12:05:00+05:30,1435.6,2024-02-06 12:25:00+05:30,1431.2931999999998,stop_loss,-0.30000000000000465,-4.306800000000067,4,0
2024-02-06 12:40:00+05:30,1431.1,2024-02-06 14:10:00+05:30,1426.8066999999999,stop_loss,-0.30000000000000315,-4.293300000000045,18,0
2024-02-07 09:15:00+05:30,1436.5,2024-02-07 10:10:00+05:30,1443.6825,profit_target,0.4999999999999924,7.182499999999891,11,1
2024-02-07 10:15:00+05:30,1446.5,2024-02-07 10:35:00+05:30,1442.1605,stop_loss,-0.300000000000003,-4.339500000000044,4,0
2024-02-07 10:40:00+05:30,1439.1,2024-02-07 11:00:00+05:30,1434.7827,stop_loss,-0.29999999999999527,-4.317299999999932,4,0
2024-02-07 11:05:00+05:30,1433.25,2024-02-07 12:45:00+05:30,1434.6,max_holding,0.09419152276294498,1.349999999999909,20,1
2024-02-07 12:50:00+05:30,1430.3,2024-02-07 14:00:00+05:30,1437.4515,profit_target,0.49999999999999595,7.151499999999942,14,1
2024-02-07 14:05:00+05:30,1440.0,2024-02-07 15:15:00+05:30,1443.0,eod,0.20833333333333334,3.0,14,1
2024-02-08 09:15:00+05:30,1443.9,2024-02-08 10:05:00+05:30,1439.5683000000001,stop_loss,-0.2999999999999969,-4.331699999999955,10,0
2024-02-08 10:10:00+05:30,1439.55,2024-02-08 10:15:00+05:30,1435.23135,stop_loss,-0.29999999999999544,-4.318649999999934,1,0
2024-02-08 10:20:00+05:30,1438.25,2024-02-08 11:00:00+05:30,1433.93525,stop_loss,-0.30000000000000027,-4.314750000000004,8,0
2024-02-08 11:05:00+05:30,1430.9,2024-02-08 11:25:00+05:30,1438.0545,profit_target,0.4999999999999909,7.154499999999871,4,1
2024-02-08 11:30:00+05:30,1436.65,2024-02-08 13:10:00+05:30,1442.2,max_holding,0.3863153864893993,5.5499999999999545,20,1
2024-02-08 13:15:00+05:30,1439.75,2024-02-08 14:55:00+05:30,1439.7,max_holding,-0.0034728251432508787,-0.049999999999954525,20,0
2024-02-09 09:15:00+05:30,1461.4,2024-02-09 09:20:00+05:30,1468.7069999999999,profit_target,0.4999999999999855,7.306999999999789,1,1
2024-02-09 09:25:00+05:30,1471.6,2024-02-09 09:30:00+05:30,1467.1852,stop_loss,-0.30000000000000093,-4.414800000000014,1,0
2024-02-09 09:35:00+05:30,1464.0,2024-02-09 09:50:00+05:30,1459.608,stop_loss,-0.3000000000000036,-4.392000000000053,3,0
2024-02-09 09:55:00+05:30,1463.1,2024-02-09 10:45:00+05:30,1458.7106999999999,stop_loss,-0.3000000000000033,-4.389300000000048,10,0
2024-02-09 10:50:00+05:30,1455.75,2024-02-09 10:55:00+05:30,1451.38275,stop_loss,-0.3000000000000009,-4.367250000000013,1,0
2024-02-09 11:00:00+05:30,1455.4,2024-02-09 11:10:00+05:30,1462.677,profit_target,0.49999999999998734,7.276999999999816,2,1
2024-02-09 11:15:00+05:30,1462.2,2024-02-09 11:20:00+05:30,1457.8134,stop_loss,-0.300000000000003,-4.386600000000044,1,0
2024-02-09 11:25:00+05:30,1461.05,2024-02-09 12:45:00+05:30,1468.3552499999998,profit_target,0.4999999999999923,7.305249999999887,16,1
2024-02-09 12:50:00+05:30,1465.2,2024-02-09 13:30:00+05:30,1460.8044,stop_loss,-0.300000000000004,-4.395600000000059,8,0
2024-02-09 13:40:00+05:30,1464.3,2024-02-09 14:40:00+05:30,1459.9071,stop_loss,-0.3000000000000037,-4.392900000000054,12,0
2024-02-12 09:15:00+05:30,1457.4,2024-02-12 09:20:00+05:30,1453.0278,stop_loss,-0.3000000000000014,-4.372200000000021,1,0
2024-02-12 09:25:00+05:30,1452.0,2024-02-12 09:30:00+05:30,1447.644,stop_loss,-0.2999999999999996,-4.3559999999999945,1,0
2024-02-12 09:35:00+05:30,1446.0,2024-02-12 11:15:00+05:30,1450.6,max_holding,0.3181189488243367,4.599999999999909,20,1
2024-02-12 11:35:00+05:30,1449.4,2024-02-12 12:00:00+05:30,1445.0518000000002,stop_loss,-0.2999999999999935,-4.348199999999906,5,0
2024-02-12 12:05:00+05:30,1445.3,2024-02-12 13:25:00+05:30,1452.5264999999997,profit_target,0.49999999999998346,7.22649999999976,16,1
2024-02-12 13:30:00+05:30,1452.95,2024-02-12 14:15:00+05:30,1460.2147499999999,profit_target,0.4999999999999877,7.264749999999822,9,1
2024-02-12 14:20:00+05:30,1455.7,2024-02-12 14:50:00+05:30,1451.3329,stop_loss,-0.2999999999999956,-4.367099999999937,6,0
2024-02-13 09:15:00+05:30,1463.0,2024-02-13 09:20:00+05:30,1458.611,stop_loss,-0.2999999999999929,-4.388999999999896,1,0
2024-02-13 09:25:00+05:30,1457.35,2024-02-13 10:05:00+05:30,1464.6367499999997,profit_target,0.4999999999999833,7.286749999999756,8,1
2024-02-13 10:10:00+05:30,1461.6,2024-02-13 11:05:00+05:30,1468.9079999999997,profit_target,0.49999999999998396,7.307999999999765,11,1
2024-02-13 11:10:00+05:30,1477.0,2024-02-13 11:25:00+05:30,1472.569,stop_loss,-0.3000000000000027,-4.43100000000004,3,0
2024-02-13 11:30:00+05:30,1473.9,2024-02-13 12:35:00+05:30,1469.4783,stop_loss,-0.3000000000000068,-4.421700000000101,13,0
2024-02-13 12:40:00+05:30,1470.9,2024-02-13 13:45:00+05:30,1466.4873,stop_loss,-0.3000000000000059,-4.412700000000086,13,0
2024-02-13 13:50:00+05:30,1468.2,2024-02-13 14:10:00+05:30,1463.7954,stop_loss,-0.30000000000000493,-4.404600000000073,4,0
2024-02-13 14:15:00+05:30,1462.6,2024-02-13 15:15:00+05:30,1465.45,eod,0.1948584712156527,2.8500000000001364,12,1
2024-02-14 09:15:00+05:30,1468.6,2024-02-14 09:20:00+05:30,1464.1942,stop_loss,-0.3,-4.405799999999999,1,0
2024-02-14 09:25:00+05:30,1466.75,2024-02-14 10:05:00+05:30,1462.34975,stop_loss,-0.29999999999999416,-4.4002499999999145,8,0
2024-02-14 10:10:00+05:30,1464.0,2024-02-14 11:50:00+05:30,1464.75,max_holding,0.05122950819672131,0.75,20,1
2024-02-14 12:25:00+05:30,1467.75,2024-02-14 13:05:00+05:30,1475.08875,profit_target,0.49999999999999256,7.338749999999891,8,1
2024-02-14 14:00:00+05:30,1475.0,2024-02-14 15:00:00+05:30,1482.3749999999998,profit_target,0.49999999999998457,7.374999999999773,12,1
2024-02-15 09:15:00+05:30,1478.4,2024-02-15 09:30:00+05:30,1473.9648000000002,stop_loss,-0.2999999999999929,-4.435199999999895,3,0
2024-02-15 09:35:00+05:30,1473.8,2024-02-15 11:15:00+05:30,1473.4,max_holding,-0.027140724657339098,-0.3999999999998636,20,0
2024-02-15 11:25:00+05:30,1474.9,2024-02-15 11:40:00+05:30,1470.4753,stop_loss,-0.300000000000002,-4.42470000000003,3,0
2024-02-15 11:45:00+05:30,1471.1,2024-02-15 13:25:00+05:30,1466.6867,stop_loss,-0.2999999999999956,-4.413299999999936,20,0
2024-02-15 13:30:00+05:30,1469.1,2024-02-15 13:50:00+05:30,1476.4454999999998,profit_target,0.49999999999999334,7.345499999999902,4,1
2024-02-15 13:55:00+05:30,1477.2,2024-02-15 14:10:00+05:30,1472.7684,stop_loss,-0.3000000000000079,-4.431600000000117,3,0
2024-02-15 14:15:00+05:30,1471.5,2024-02-15 15:15:00+05:30,1472.0,eod,0.03397893306150187,0.5,12,1
2024-02-16 09:15:00+05:30,1469.1,2024-02-16 10:55:00+05:30,1472.8,max_holding,0.2518548771356644,3.7000000000000455,20,1
2024-02-16 11:05:00+05:30,1472.4,2024-02-16 11:30:00+05:30,1467.9828,stop_loss,-0.3000000000000063,-4.4172000000000935,5,0
2024-02-16 11:35:00+05:30,1466.7,2024-02-16 12:20:00+05:30,1462.2999,stop_loss,-0.3000000000000045,-4.400100000000066,9,0
2024-02-16 12:30:00+05:30,1464.7,2024-02-16 14:10:00+05:30,1462.8,max_holding,-0.12971939646344582,-1.900000000000091,20,0
2024-02-16 14:15:00+05:30,1460.8,2024-02-16 15:15:00+05:30,1460.35,eod,-0.03080503833516193,-0.4500000000000455,12,0
2024-02-19 09:15:00+05:30,1462.5,2024-02-19 09:50:00+05:30,1458.1125,stop_loss,-0.30000000000000315,-4.3875000000000455,7,0
2024-02-19 09:55:00+05:30,1457.1,2024-02-19 11:15:00+05:30,1464.3854999999999,profit_target,0.49999999999999706,7.285499999999956,16,1
2024-02-19 11:20:00+05:30,1462.65,2024-02-19 12:25:00+05:30,1458.26205,stop_loss,-0.30000000000000315,-4.387950000000046,13,0
2024-02-19 12:40:00+05:30,1462.0,2024-02-19 13:40:00+05:30,1469.31,profit_target,0.4999999999999963,7.309999999999945,12,1
2024-02-19 13:45:00+05:30,1471.25,2024-02-19 14:20:00+05:30,1478.6062499999998,profit_target,0.4999999999999876,7.356249999999818,7,1
2024-02-19 14:25:00+05:30,1478.05,2024-02-19 14:50:00+05:30,1473.61585,stop_loss,-0.30000000000000304,-4.434150000000045,5,0
2024-02-20 09:15:00+05:30,1467.35,2024-02-20 10:45:00+05:30,1462.94795,stop_loss,-0.29999999999999444,-4.402049999999917,18,0
2024-02-20 10:50:00+05:30,1464.35,2024-02-20 12:00:00+05:30,1471.6717499999997,profit_target,0.499999999999989,7.321749999999838,14,1
2024-02-20 12:05:00+05:30,1470.9,2024-02-20 12:35:00+05:30,1466.4873,stop_loss,-0.3000000000000059,-4.412700000000086,6,0
2024-02-20 12:55:00+05:30,1465.25,2024-02-20 14:35:00+05:30,1469.85,max_holding,0.3139396007507189,4.599999999999909,20,1
2024-02-21 09:15:00+05:30,1473.0,2024-02-21 10:55:00+05:30,1480.3649999999998,profit_target,0.4999999999999852,7.364999999999782,20,1
2024-02-21 11:00:00+05:30,1485.0,2024-02-21 11:25:00+05:30,1480.545,stop_loss,-0.2999999999999951,-4.454999999999927,5,0
2024-02-21 11:35:00+05:30,1480.6,2024-02-21 12:40:00+05:30,1476.1581999999999,stop_loss,-0.30000000000000393,-4.4418000000000575,13,0
2024-02-21 12:45:00+05:30,1479.35,2024-02-21 13:45:00+05:30,1474.91195,stop_loss,-0.2999999999999984,-4.438049999999976,12,0
2024-02-21 13:50:00+05:30,1475.65,2024-02-21 14:10:00+05:30,1471.22305,stop_loss,-0.30000000000000226,-4.4269500000000335,4,0
2024-02-21 14:15:00+05:30,1472.95,2024-02-21 14:20:00+05:30,1468.53115,stop_loss,-0.3000000000000014,-4.41885000000002,1,0
2024-02-21 14:25:00+05:30,1466.75,2024-02-21 14:45:00+05:30,1462.34975,stop_loss,-0.29999999999999416,-4.4002499999999145,4,0
2024-02-22 09:15:00+05:30,1459.5,2024-02-22 09:40:00+05:30,1466.7975,profit_target,0.49999999999999317,7.2974999999999,5,1
2024-02-22 09:45:00+05:30,1467.45,2024-02-22 10:00:00+05:30,1463.04765,stop_loss,-0.3000000000000047,-4.4023500000000695,3,0
2024-02-22 10:05:00+05:30,1465.65,2024-02-22 10:20:00+05:30,1461.25305,stop_loss,-0.30000000000000415,-4.396950000000061,3,0
2024-02-22 10:25:00+05:30,1463.6,2024-02-22 10:35:00+05:30,1470.9179999999997,profit_target,0.49999999999998335,7.317999999999756,2,1
2024-02-22 10:40:00+05:30,1469.25,2024-02-22 11:20:00+05:30,1464.84225,stop_loss,-0.3000000000000053,-4.407750000000078,8,0
2024-02-22 11:25:00+05:30,1463.7,2024-02-22 12:10:00+05:30,1471.0185,profit_target,0.4999999999999903,7.318499999999858,9,1
2024-02-22 12:20:00+05:30,1469.8,2024-02-22 12:40:00+05:30,1465.3906,stop_loss,-0.3000000000000004,-4.409400000000005,4,0
2024-02-22 12:50:00+05:30,1464.55,2024-02-22 13:55:00+05:30,1471.8727499999998,profit_target,0.49999999999998734,7.3227499999998145,13,1
2024-02-22 14:00:00+05:30,1472.8,2024-02-22 14:45:00+05:30,1480.1639999999998,profit_target,0.49999999999998684,7.363999999999805,9,1
2024-02-23 09:15:00+05:30,1489.15,2024-02-23 10:55:00+05:30,1487.3,max_holding,-0.12423194439781998,-1.8500000000001364,20,0
2024-02-23 11:05:00+05:30,1486.05,2024-02-23 12:45:00+05:30,1489.75,max_holding,0.24898220113724606,3.7000000000000455,20,1
2024-02-23 13:10:00+05:30,1492.2,2024-02-23 14:50:00+05:30,1494.8,max_holding,0.17423937809944437,2.599999999999909,20,1
2024-02-26 09:15:00+05:30,1492.8,2024-02-26 09:25:00+05:30,1488.3216,stop_loss,-0.29999999999999766,-4.478399999999965,2,0
2024-02-26 09:30:00+05:30,1488.55,2024-02-26 10:35:00+05:30,1484.0843499999999,stop_loss,-0.3000000000000065,-4.465650000000096,13,0
2024-02-26 10:50:00+05:30,1484.0,2024-02-26 12:30:00+05:30,1486.9,max_holding,0.19541778975741853,2.900000000000091,20,1
2024-02-26 12:40:00+05:30,1486.0,2024-02-26 14:20:00+05:30,1487.45,max_holding,0.0975773889636639,1.4500000000000455,20,1
2024-02-27 09:15:00+05:30,1478.95,2024-02-27 09:20:00+05:30,1486.34475,profit_target,0.49999999999999534,7.394749999999931,1,1
2024-02-27 09:25:00+05:30,1483.7,2024-02-27 10:20:00+05:30,1479.2489,stop_loss,-0.29999999999999977,-4.451099999999997,11,0
2024-02-27 10:30:00+05:30,1481.5,2024-02-27 11:25:00+05:30,1488.9074999999998,profit_target,0.49999999999998646,7.4074999999998,11,1
2024-02-27 12:00:00+05:30,1484.7,2024-02-27 12:40:00+05:30,1492.1235,profit_target,0.4999999999999917,7.423499999999876,8,1
2024-02-27 12:45:00+05:30,1493.3,2024-02-27 13:55:00+05:30,1488.8201,stop_loss,-0.30000000000000293,-4.479900000000043,14,0
2024-02-27 14:00:00+05:30,1490.1,2024-02-27 14:20:00+05:30,1485.6297,stop_loss,-0.2999999999999968,-4.470299999999952,4,0
2024-02-27 14:25:00+05:30,1482.4,2024-02-27 15:15:00+05:30,1483.6,eod,0.08094981111709512,1.199999999999818,10,1
2024-02-28 09:15:00+05:30,1489.5,2024-02-28 10:00:00+05:30,1485.0315,stop_loss,-0.2999999999999966,-4.468499999999949,9,0
2024-02-28 10:10:00+05:30,1485.2,2024-02-28 10:45:00+05:30,1480.7444,stop_loss,-0.30000000000000027,-4.455600000000004,7,0
2024-02-28 10:50:00+05:30,1476.8,2024-02-28 11:00:00+05:30,1472.3696,stop_loss,-0.29999999999999755,-4.430399999999963,2,0
2024-02-28 11:05:00+05:30,1462.0,2024-02-28 12:45:00+05:30,1462.8,max_holding,0.05471956224349894,0.7999999999999545,20,1
2024-02-28 12:55:00+05:30,1455.8,2024-02-28 13:30:00+05:30,1463.0789999999997,profit_target,0.4999999999999841,7.278999999999769,7,1
2024-02-28 13:35:00+05:30,1462.0,2024-02-28 14:50:00+05:30,1457.614,stop_loss,-0.29999999999999777,-4.385999999999967,15,0
2024-02-29 09:15:00+05:30,1476.1,2024-02-29 09:20:00+05:30,1471.6716999999999,stop_loss,-0.30000000000000243,-4.428300000000036,1,0
2024-02-29 09:25:00+05:30,1473.5,2024-02-29 09:40:00+05:30,1469.0795,stop_loss,-0.2999999999999964,-4.420499999999947,3,0
2024-02-29 09:45:00+05:30,1468.9,2024-02-29 10:05:00+05:30,1476.2445,profit_target,0.4999999999999949,7.344499999999925,4,1
2024-02-29 10:10:00+05:30,1470.2,2024-02-29 11:10:00+05:30,1465.7894000000001,stop_loss,-0.2999999999999953,-4.410599999999931,12,0
2024-02-29 11:15:00+05:30,1469.9,2024-02-29 11:35:00+05:30,1465.4903000000002,stop_loss,-0.2999999999999952,-4.40969999999993,4,0
2024-02-29 11:40:00+05:30,1463.15,2024-02-29 12:25:00+05:30,1458.7605500000002,stop_loss,-0.29999999999999294,-4.389449999999897,9,0
2024-02-29 12:30:00+05:30,1460.8,2024-02-29 14:05:00+05:30,1456.4176,stop_loss,-0.2999999999999974,-4.382399999999961,19,0
2024-02-29 14:10:00+05:30,1459.25,2024-02-29 14:30:00+05:30,1454.87225,stop_loss,-0.30000000000000726,-4.3777500000001055,4,0
2024-03-01 09:15:00+05:30,1462.5,2024-03-01 09:50:00+05:30,1469.8124999999998,profit_target,0.49999999999998446,7.312499999999773,7,1
2024-03-01 09:55:00+05:30,1469.1,2024-03-01 10:30:00+05:30,1476.4454999999998,profit_target,0.49999999999999334,7.345499999999902,7,1
2024-03-01 10:35:00+05:30,1476.0,2024-03-01 11:35:00+05:30,1483.3799999999999,profit_target,0.499999999999992,7.379999999999882,12,1
2024-03-01 11:45:00+05:30,1482.0,2024-03-01 13:25:00+05:30,1486.6,max_holding,0.31039136302293585,4.599999999999909,20,1
2024-03-01 13:50:00+05:30,1486.7,2024-03-01 14:40:00+05:30,1494.1335,profit_target,0.49999999999999106,7.433499999999867,10,1
2024-03-02 09:15:00+05:30,1489.0,2024-03-02 09:25:00+05:30,1496.445,profit_target,0.4999999999999958,7.444999999999936,2,1
2024-03-02 09:30:00+05:30,1497.4,2024-03-02 11:55:00+05:30,1492.9078000000002,stop_loss,-0.29999999999999405,-4.492199999999912,11,0
2024-03-02 12:10:00+05:30,1490.7,2024-03-04 10:30:00+05:30,1498.1535,profit_target,0.49999999999998984,7.453499999999849,19,1
2024-03-04 10:40:00+05:30,1496.0,2024-03-04 11:15:00+05:30,1503.4799999999998,profit_target,0.49999999999998607,7.479999999999791,7,1
2024-03-04 11:20:00+05:30,1499.2,2024-03-04 11:50:00+05:30,1506.696,profit_target,0.4999999999999912,7.495999999999867,6,1
2024-03-04 12:50:00+05:30,1499.6,2024-03-04 14:05:00+05:30,1507.0979999999997,profit_target,0.49999999999998807,7.49799999999982,15,1
2024-03-04 14:10:00+05:30,1509.05,2024-03-04 15:15:00+05:30,1506.05,eod,-0.19880056989496706,-3.0,13,0
2024-03-05 09:15:00+05:30,1498.7,2024-03-05 09:50:00+05:30,1494.2039,stop_loss,-0.30000000000000465,-4.4961000000000695,7,0
2024-03-05 09:55:00+05:30,1494.5,2024-03-05 10:25:00+05:30,1490.0165,stop_loss,-0.3000000000000033,-4.483500000000049,6,0
2024-03-05 10:30:00+05:30,1487.0,2024-03-05 10:55:00+05:30,1494.435,profit_target,0.4999999999999964,7.434999999999945,5,1
2024-03-05 11:00:00+05:30,1494.35,2024-03-05 11:20:00+05:30,1489.8669499999999,stop_loss,-0.30000000000000326,-4.483050000000048,4,0
2024-03-05 11:50:00+05:30,1494.5,2024-03-05 13:25:00+05:30,1501.9724999999999,profit_target,0.4999999999999903,7.4724999999998545,19,1
2024-03-05 13:30:00+05:30,1500.0,2024-03-05 13:50:00+05:30,1495.5,stop_loss,-0.3,-4.5,4,0
2024-03-05 14:20:00+05:30,1498.65,2024-03-05 15:15:00+05:30,1498.95,eod,0.0200180162145901,0.2999999999999545,11,1
2024-03-06 09:15:00+05:30,1507.2,2024-03-06 09:25:00+05:30,1502.6784,stop_loss,-0.3000000000000023,-4.521600000000035,2,0
2024-03-06 09:30:00+05:30,1502.6,2024-03-06 09:40:00+05:30,1498.0921999999998,stop_loss,-0.30000000000000593,-4.507800000000088,2,0
2024-03-06 09:45:00+05:30,1499.7,2024-03-06 09:55:00+05:30,1495.2009,stop_loss,-0.2999999999999999,-4.4990999999999985,2,0
2024-03-06 10:05:00+05:30,1496.9,2024-03-06 10:25:00+05:30,1492.4093,stop_loss,-0.30000000000000404,-4.490700000000061,4,0
2024-03-06 10:30:00+05:30,1493.75,2024-03-06 11:05:00+05:30,1489.26875,stop_loss,-0.30000000000000304,-4.4812500000000455,7,0
2024-03-06 11:15:00+05:30,1488.1,2024-03-06 11:35:00+05:30,1483.6356999999998,stop_loss,-0.3000000000000063,-4.464300000000094,4,0
2024-03-06 11:40:00+05:30,1484.25,2024-03-06 12:00:00+05:30,1479.79725,stop_loss,-0.2999999999999948,-4.452749999999924,4,0
2024-03-06 12:05:00+05:30,1478.55,2024-03-06 13:20:00+05:30,1485.9427499999997,profit_target,0.4999999999999832,7.392749999999751,15,1
2024-03-06 13:30:00+05:30,1485.0,2024-03-06 13:50:00+05:30,1492.425,profit_target,0.499999999999997,7.4249999999999545,4,1
2024-03-06 13:55:00+05:30,1495.7,2024-03-06 15:05:00+05:30,1503.1785,profit_target,0.49999999999999595,7.47849999999994,14,1
2024-03-07 09:15:00+05:30,1498.65,2024-03-07 09:40:00+05:30,1494.15405,stop_loss,-0.29999999999999954,-4.4959499999999935,5,0
2024-03-07 09:45:00+05:30,1493.9,2024-03-07 10:30:00+05:30,1489.4183,stop_loss,-0.3000000000000031,-4.481700000000046,9,0
2024-03-07 10:35:00+05:30,1490.0,2024-03-07 10:40:00+05:30,1485.53,stop_loss,-0.3000000000000018,-4.470000000000027,1,0
2024-03-07 10:45:00+05:30,1489.7,2024-03-07 12:25:00+05:30,1489.9,max_holding,0.013425521917167582,0.20000000000004547,20,1
2024-03-07 12:35:00+05:30,1488.3,2024-03-07 14:00:00+05:30,1483.8351,stop_loss,-0.2999999999999962,-4.464899999999943,17,0
2024-03-07 14:10:00+05:30,1484.7,2024-03-07 14:40:00+05:30,1480.2459000000001,stop_loss,-0.299999999999995,-4.454099999999926,6,0
2024-03-11 09:15:00+05:30,1483.25,2024-03-11 10:55:00+05:30,1482.2,max_holding,-0.07079049384796592,-1.0499999999999545,20,0
2024-03-11 11:05:00+05:30,1480.2,2024-03-11 12:05:00+05:30,1475.7594000000001,stop_loss,-0.2999999999999935,-4.440599999999904,12,0
2024-03-11 12:10:00+05:30,1474.3,2024-03-11 13:50:00+05:30,1478.9,max_holding,0.3120124804992292,4.600000000000136,20,1
2024-03-11 13:55:00+05:30,1475.9,2024-03-11 14:10:00+05:30,1471.4723000000001,stop_loss,-0.2999999999999972,-4.427699999999959,3,0
2024-03-11 14:15:00+05:30,1471.35,2024-03-11 15:05:00+05:30,1466.9359499999998,stop_loss,-0.30000000000000604,-4.414050000000088,10,0
2024-03-12 09:15:00+05:30,1470.3,2024-03-12 09:35:00+05:30,1477.6514999999997,profit_target,0.4999999999999837,7.35149999999976,4,1
2024-03-12 09:40:00+05:30,1483.4,2024-03-12 10:35:00+05:30,1478.9498,stop_loss,-0.29999999999999966,-4.450199999999995,11,0
2024-03-12 10:40:00+05:30,1479.95,2024-03-12 11:55:00+05:30,1475.51015,stop_loss,-0.29999999999999855,-4.4398499999999785,15,0
2024-03-12 12:10:00+05:30,1480.55,2024-03-12 13:50:00+05:30,1479.3,max_holding,-0.0844280841579143,-1.25,20,0
2024-03-12 14:05:00+05:30,1479.4,2024-03-12 14:30:00+05:30,1474.9618,stop_loss,-0.3000000000000035,-4.438200000000052,5,0
2024-03-13 09:15:00+05:30,1478.75,2024-03-13 09:25:00+05:30,1474.31375,stop_loss,-0.29999999999999816,-4.436249999999973,2,0
2024-03-13 09:30:00+05:30,1472.85,2024-03-13 09:45:00+05:30,1468.4314499999998,stop_loss,-0.3000000000000065,-4.418550000000096,3,0
2024-03-13 09:50:00+05:30,1472.8,2024-03-13 10:20:00+05:30,1468.3816,stop_loss,-0.3000000000000014,-4.41840000000002,6,0
2024-03-13 10:25:00+05:30,1469.25,2024-03-13 11:25:00+05:30,1464.84225,stop_loss,-0.3000000000000053,-4.407750000000078,12,0
2024-03-13 11:30:00+05:30,1461.0,2024-03-13 11:40:00+05:30,1456.617,stop_loss,-0.3000000000000026,-4.383000000000038,2,0
2024-03-13 11:45:00+05:30,1455.0,2024-03-13 12:20:00+05:30,1450.635,stop_loss,-0.3000000000000006,-4.365000000000009,7,0
2024-03-13 12:25:00+05:30,1450.0,2024-03-13 14:05:00+05:30,1449.75,max_holding,-0.017241379310344827,-0.25,20,0
2024-03-13 14:10:00+05:30,1444.6,2024-03-13 14:15:00+05:30,1440.2661999999998,stop_loss,-0.30000000000000765,-4.33380000000011,1,0
2024-03-13 14:20:00+05:30,1440.1,2024-03-13 14:45:00+05:30,1435.7796999999998,stop_loss,-0.30000000000000615,-4.320300000000088,5,0
2024-03-14 09:15:00+05:30,1440.35,2024-03-14 09:20:00+05:30,1436.02895,stop_loss,-0.30000000000000093,-4.321050000000014,1,0
2024-03-14 09:25:00+05:30,1444.6,2024-03-14 09:35:00+05:30,1440.2661999999998,stop_loss,-0.30000000000000765,-4.33380000000011,2,0
2024-03-14 09:40:00+05:30,1438.6,2024-03-14 11:15:00+05:30,1434.2841999999998,stop_loss,-0.30000000000000565,-4.315800000000081,19,0
2024-03-14 11:20:00+05:30,1427.05,2024-03-14 11:30:00+05:30,1434.1852499999998,profit_target,0.499999999999987,7.1352499999998145,2,1
2024-03-14 11:35:00+05:30,1437.8,2024-03-14 13:15:00+05:30,1435.35,max_holding,-0.1703992210321356,-2.4500000000000455,20,0
2024-03-14 13:30:00+05:30,1436.7,2024-03-14 14:00:00+05:30,1432.3899000000001,stop_loss,-0.29999999999999444,-4.31009999999992,6,0
2024-03-14 14:10:00+05:30,1431.7,2024-03-14 15:00:00+05:30,1427.4049,stop_loss,-0.3000000000000033,-4.295100000000048,10,0
2024-03-15 09:15:00+05:30,1426.95,2024-03-15 10:00:00+05:30,1422.66915,stop_loss,-0.30000000000000704,-4.2808500000001,9,0
2024-03-15 10:15:00+05:30,1425.85,2024-03-15 11:50:00+05:30,1421.57245,stop_loss,-0.3000000000000014,-4.277550000000019,19,0
2024-03-15 11:55:00+05:30,1420.5,2024-03-15 13:35:00+05:30,1422.3,max_holding,0.12671594508975392,1.7999999999999545,20,1
2024-03-15 13:40:00+05:30,1421.75,2024-03-15 14:15:00+05:30,1417.48475,stop_loss,-0.2999999999999946,-4.265249999999924,7,0
2024-03-15 14:20:00+05:30,1417.55,2024-03-15 15:15:00+05:30,1413.29735,stop_loss,-0.2999999999999932,-4.252649999999903,11,0
2024-03-18 09:15:00+05:30,1424.7,2024-03-18 09:30:00+05:30,1420.4259,stop_loss,-0.30000000000000626,-4.2741000000000895,3,0
2024-03-18 09:35:00+05:30,1419.8,2024-03-18 10:15:00+05:30,1426.899,profit_target,0.4999999999999952,7.098999999999933,8,1
2024-03-18 10:20:00+05:30,1428.7,2024-03-18 10:40:00+05:30,1424.4139,stop_loss,-0.3000000000000023,-4.286100000000033,4,0
2024-03-18 10:45:00+05:30,1426.8,2024-03-18 11:10:00+05:30,1422.5195999999999,stop_loss,-0.300000000000007,-4.2804000000001,5,0
2024-03-18 11:15:00+05:30,1423.4,2024-03-18 11:35:00+05:30,1419.1298000000002,stop_loss,-0.2999999999999952,-4.270199999999932,4,0
2024-03-18 12:15:00+05:30,1423.9,2024-03-18 13:55:00+05:30,1429.7,max_holding,0.4073319755600782,5.7999999999999545,20,1
2024-03-18 14:05:00+05:30,1434.0,2024-03-18 15:15:00+05:30,1441.1699999999998,profit_target,0.49999999999998923,7.169999999999845,14,1
2024-03-19 09:15:00+05:30,1428.1,2024-03-19 09:20:00+05:30,1423.8156999999999,stop_loss,-0.30000000000000215,-4.28430000000003,1,0
2024-03-19 09:25:00+05:30,1424.45,2024-03-19 10:00:00+05:30,1420.17665,stop_loss,-0.29999999999999555,-4.273349999999937,7,0
2024-03-19 10:05:00+05:30,1422.05,2024-03-19 11:40:00+05:30,1417.78385,stop_loss,-0.29999999999999477,-4.266149999999925,19,0
2024-03-19 12:10:00+05:30,1419.4,2024-03-19 13:35:00+05:30,1426.4969999999998,profit_target,0.49999999999998257,7.096999999999753,17,1
2024-03-19 13:40:00+05:30,1427.5,2024-03-19 14:00:00+05:30,1423.2175,stop_loss,-0.30000000000000193,-4.282500000000027,4,0
2024-03-19 14:05:00+05:30,1424.0,2024-03-19 15:15:00+05:30,1425.45,eod,0.1018258426966324,1.4500000000000455,14,1
2024-03-20 09:15:00+05:30,1426.15,2024-03-20 09:40:00+05:30,1433.28075,profit_target,0.49999999999998646,7.130749999999807,5,1
2024-03-20 09:45:00+05:30,1434.4,2024-03-20 10:05:00+05:30,1430.0968,stop_loss,-0.3000000000000042,-4.303200000000061,4,0
2024-03-20 10:10:00+05:30,1430.5,2024-03-20 11:40:00+05:30,1437.6525,profit_target,0.4999999999999943,7.152499999999918,18,1
2024-03-20 11:45:00+05:30,1438.75,2024-03-20 13:25:00+05:30,1439.9,max_holding,0.07993049522155281,1.150000000000091,20,1
2024-03-20 13:45:00+05:30,1442.65,2024-03-20 14:30:00+05:30,1438.32205,stop_loss,-0.30000000000000693,-4.327950000000101,9,0
2024-03-21 09:15:00+05:30,1448.8,2024-03-21 10:10:00+05:30,1456.0439999999999,profit_target,0.4999999999999941,7.2439999999999145,11,1
2024-03-21 10:15:00+05:30,1456.0,2024-03-21 11:40:00+05:30,1451.632,stop_loss,-0.29999999999999577,-4.367999999999938,17,0
2024-03-21 11:50:00+05:30,1450.6,2024-03-21 13:30:00+05:30,1452.6,max_holding,0.13787398317937405,2.0,20,1
2024-03-21 13:40:00+05:30,1452.5,2024-03-21 15:00:00+05:30,1448.1425,stop_loss,-0.300000000000005,-4.357500000000073,16,0
2024-03-22 09:15:00+05:30,1455.2,2024-03-22 09:30:00+05:30,1450.8344,stop_loss,-0.30000000000000593,-4.365600000000086,3,0
2024-03-22 09:35:00+05:30,1450.2,2024-03-22 10:15:00+05:30,1457.4509999999998,profit_target,0.4999999999999827,7.250999999999749,8,1
2024-03-22 10:20:00+05:30,1456.3,2024-03-22 12:00:00+05:30,1458.0,max_holding,0.1167341893840586,1.7000000000000455,20,1
2024-03-22 12:10:00+05:30,1456.0,2024-03-22 13:20:00+05:30,1451.632,stop_loss,-0.29999999999999577,-4.367999999999938,14,0
2024-03-22 13:25:00+05:30,1452.75,2024-03-22 15:05:00+05:30,1454.1,max_holding,0.0929272070211605,1.349999999999909,20,1
2024-03-26 09:15:00+05:30,1447.3,2024-03-26 09:45:00+05:30,1442.9581,stop_loss,-0.29999999999999283,-4.341899999999896,6,0
2024-03-26 09:50:00+05:30,1445.15,2024-03-26 11:30:00+05:30,1443.55,max_holding,-0.11071515067640982,-1.6000000000001364,20,0
2024-03-26 11:45:00+05:30,1442.85,2024-03-26 13:25:00+05:30,1443.85,max_holding,0.06930727379838514,1.0,20,1
2024-03-26 13:45:00+05:30,1442.95,2024-03-26 15:15:00+05:30,1441.3,eod,-0.11434907654458511,-1.650000000000091,18,0
2024-03-27 09:15:00+05:30,1456.6,2024-03-27 09:20:00+05:30,1463.8829999999998,profit_target,0.4999999999999932,7.282999999999902,1,1
2024-03-27 09:25:00+05:30,1468.95,2024-03-27 09:45:00+05:30,1476.2947499999998,profit_target,0.4999999999999829,7.344749999999749,4,1
2024-03-27 09:50:00+05:30,1474.0,2024-03-27 11:00:00+05:30,1481.37,profit_target,0.4999999999999926,7.369999999999891,14,1
2024-03-27 11:10:00+05:30,1480.65,2024-03-27 11:40:00+05:30,1488.05325,profit_target,0.49999999999998945,7.403249999999844,6,1
2024-03-27 11:45:00+05:30,1491.45,2024-03-27 13:25:00+05:30,1493.7,max_holding,0.15085990143819772,2.25,20,1
2024-03-27 14:00:00+05:30,1498.3,2024-03-27 15:00:00+05:30,1493.8051,stop_loss,-0.29999999999999444,-4.494899999999916,12,0
2024-03-28 09:15:00+05:30,1492.35,2024-03-28 09:45:00+05:30,1499.8117499999998,profit_target,0.49999999999999584,7.461749999999938,6,1
2024-03-28 09:50:00+05:30,1503.0,2024-03-28 10:25:00+05:30,1498.491,stop_loss,-0.30000000000000093,-4.5090000000000146,7,0
2024-03-28 10:35:00+05:30,1504.0,2024-03-28 11:15:00+05:30,1499.488,stop_loss,-0.2999999999999962,-4.511999999999944,8,0
2024-03-28 11:20:00+05:30,1497.7,2024-03-28 12:00:00+05:30,1493.2069000000001,stop_loss,-0.2999999999999942,-4.493099999999913,8,0
2024-03-28 12:20:00+05:30,1495.8,2024-03-28 14:00:00+05:30,1498.9,max_holding,0.20724695814949437,3.1000000000001364,20,1
2024-03-28 14:05:00+05:30,1499.2,2024-03-28 14:55:00+05:30,1494.7024000000001,stop_loss,-0.29999999999999466,-4.49759999999992,10,0
